frequency	letter
0.004383387	A
0.074690667	B
0.145752579	C
0.191618629	D
0.203346867	E
0.211759249	F
0.24344824	G
0.334631551	H
0.392856931	I
0.484911121	J
0.518622101	K
0.569627747	L
0.714702157	M
0.752273843	N
0.77038857	O
0.766326863	Q
0.734840319	R
0.698351522	S
0.565694599	T
0.498729807	U
0.474383012	V
0.369032086	W
0.254746538	X
0.220556992	Y
0.205062075	Z
0.196168823	[
0.146911762	\
0.13012898	]
0.039449444	^
